scripts/kwok/kwok_configs/default.yaml	499704691632790774	cannot access local variable 'result_row' where it is not associated with a value
scripts/kwok/kwok_configs/default.yaml	2443334171254682857	cannot access local variable 'result_row' where it is not associated with a value
scripts/kwok/kwok_configs/default.yaml	6640373703521695170	cannot access local variable 'result_row' where it is not associated with a value
scripts/kwok/kwok_configs/default.yaml	570191838531158167	cannot access local variable 'result_row' where it is not associated with a value
scripts/kwok/kwok_configs/default.yaml	3265361389010243371	cannot access local variable 'result_row' where it is not associated with a value
scripts/kwok/kwok_configs/default.yaml	598013959136937126	cannot access local variable 'result_row' where it is not associated with a value
scripts/kwok/kwok_configs/default.yaml	2558661081942914464	cannot access local variable 'result_row' where it is not associated with a value
scripts/kwok/kwok_configs/default.yaml	7126248500278591779	cannot access local variable 'result_row' where it is not associated with a value
scripts/kwok/kwok_configs/default.yaml	3305275961624851596	cannot access local variable 'result_row' where it is not associated with a value
scripts/kwok/kwok_configs/default.yaml	1306259963984714782	cannot access local variable 'result_row' where it is not associated with a value
scripts/kwok/kwok_configs/default.yaml	2125734317822065475	cannot access local variable 'result_row' where it is not associated with a value
scripts/kwok/kwok_configs/default.yaml	5584604608074418803	cannot access local variable 'result_row' where it is not associated with a value
scripts/kwok/kwok_configs/default.yaml	604124797463321916	cannot access local variable 'result_row' where it is not associated with a value
scripts/kwok/kwok_configs/default.yaml	855906673499437116	cannot access local variable 'result_row' where it is not associated with a value
scripts/kwok/kwok_configs/default.yaml	649414747749677919	cannot access local variable 'result_row' where it is not associated with a value
scripts/kwok/kwok_configs/default.yaml	2629121755190083055	cannot access local variable 'result_row' where it is not associated with a value
scripts/kwok/kwok_configs/default.yaml	7048305982498612377	cannot access local variable 'result_row' where it is not associated with a value
scripts/kwok/kwok_configs/default.yaml	4170753410530186194	cannot access local variable 'result_row' where it is not associated with a value
scripts/kwok/kwok_configs/default.yaml	3038301425047721813	cannot access local variable 'result_row' where it is not associated with a value
scripts/kwok/kwok_configs/default.yaml	2222808181541237360	cannot access local variable 'result_row' where it is not associated with a value
scripts/kwok/kwok_configs/default.yaml	1883462571795965245	cannot access local variable 'result_row' where it is not associated with a value
scripts/kwok/kwok_configs/default.yaml	1423781162765161441	cannot access local variable 'result_row' where it is not associated with a value
scripts/kwok/kwok_configs/default.yaml	7204070867532360665	cannot access local variable 'result_row' where it is not associated with a value
scripts/kwok/kwok_configs/default.yaml	1562046183679982561	cannot access local variable 'result_row' where it is not associated with a value
scripts/kwok/kwok_configs/default.yaml	8550234246089547083	cannot access local variable 'result_row' where it is not associated with a value
scripts/kwok/kwok_configs/default.yaml	2804484369646801417	cannot access local variable 'result_row' where it is not associated with a value
scripts/kwok/kwok_configs/default.yaml	1735199991731887228	cannot access local variable 'result_row' where it is not associated with a value
scripts/kwok/kwok_configs/default.yaml	3839869912660601770	cannot access local variable 'result_row' where it is not associated with a value
scripts/kwok/kwok_configs/default.yaml	7836276832342188415	cannot access local variable 'result_row' where it is not associated with a value
scripts/kwok/kwok_configs/default.yaml	4130053249044924808	cannot access local variable 'result_row' where it is not associated with a value
scripts/kwok/kwok_configs/default.yaml	6106329546141583807	cannot access local variable 'result_row' where it is not associated with a value
scripts/kwok/kwok_configs/default.yaml	1447844683114806351	cannot access local variable 'result_row' where it is not associated with a value
scripts/kwok/kwok_configs/default.yaml	4176956864363902245	cannot access local variable 'result_row' where it is not associated with a value
scripts/kwok/kwok_configs/default.yaml	9117436432284389497	cannot access local variable 'result_row' where it is not associated with a value
scripts/kwok/kwok_configs/default.yaml	171505257111159587	cannot access local variable 'result_row' where it is not associated with a value
